{
  "tests": [
    {
      "name": "Stack test",
      "setup": "chmod +x setup.sh && ./setup.sh",
      "run": "make dostack",
      "input": "",
      "output": "((.)+(\\n)+)+(\\b2\\n\\+\\n1\\n)?((.)+(\\n))+(\\>( )*)(\\bCOOL program successfully executed)",
      "comparison": "regex",
      "timeout": 3,
      "points": 25
    },
    {
      "name": "Factorial test",
      "setup": "chmod +x setup.sh && ./setup.sh",
      "run": "make dofactorial",
      "input": "",
      "output": "((.)+(\\n)+)+(\\b2\\n\\+\\n1\\n)?((.)+(\\n))+(\\b3628800\\n)(\\bCOOL program successfully executed)",
      "comparison": "regex",
      "timeout": 3,
      "points": 10
    }
  ]
}
