{
  "tests": [
    {
      "name": "Grading test",
      "setup": "",
      "run": "mvn clean verify",
      "input": "",
      "output": "",
      "comparison": "included",
      "timeout": 10,
      "points": 50
    },
    {
      "name": "Ouput",
      "setup": "mvn clean package",
      "run": "java -jar target/quickstart-java-17-1.0-SNAPSHOT-jar-with-dependencies.jar",
      "input": "",
      "output": "mi version es 17",
      "comparison": "included",
      "timeout": 10,
      "points": 50
    }
  ]
}